name,price
Shop on eBay,20.00
ASUS TUF Gaming GeForce RTX 3070 Ti OC Graphics Card BRAND NEW - FAST SHIPPING,799.99
MSI Gaming AMD Radeon RX 6600 128-bit 8GB GDDR6 Graphics Card RX6600MECH2X8G,389.00
ASUS Dual GeForce GTX 1650 4GB GDDR6 PCI Express 3.0 Video Graphics Card DUAL...,219.99
MSI NVIDIA GeForce GTX 1060 6GB GDDR5 PCI Express Graphics Card,204.99
Non-LHR MSI GeForce RTX 3070 GAMING X TRIO 8GB GDDR6 Graphics Card,455.00
Sapphire AMD Radeon RX 580 4GB Nitro Graphics Card,199.00
ASRock Radeon RX 6600 8GB PCI Express 4.0 Video Graphics Card RX6600 CLD 8G,369.99
EVGA GeForce RTX 3050 8GB GDDR6 XC GAMING Graphics Card - 8GB GDDR6 Memory 128-b,379.99
EVGA GeForce RTX 3080 Non LHR XC3 Ultra Gaming 10GB GDDR6X Graphics Card...,"1,000.00"
ASUS TUF Gaming GeForce RTX 3080 Ti OC 12GB GDDR6X Graphics Card - New & Sealed,"1,025.00"
"EVGA GeForce GTX 1660 Ti XC 6GB GDDR6 OVERCLOCKED, 2.75 Slot Graphics Card",319.99
EVGA NVIDIA GeForce RTX 2080 Ti 11GB GDDR6 Graphics Card (11G-P4-2382-KR),775.00
SAPPHIRE Nitro+ Radeon RX 580 8GB GDDR5 Graphics Card (11265-01-20G),297.00
NEW EVGA GeForce RTX 2060 XC 12GB GDDR6 Graphics Card 12G-P4-2263-KR NEW MODEL,488.99
EVGA GeForce GTX 1070 8GB GDDR5 Gaming Graphics Card (08G-P4-6171-KR),295.00
LENOVO AMD Radeon HD 8570 1GB GDDR3 VGA HDMI Port Video Graphics Card FRU03T7148,15.99
NEW GIGABYTE GeForce RTX 3060 Gaming OC 12G (REV2.0) Graphics Video Card ,330.00
SAPPHIRE Pulse Radeon RX 570 4GB GDDR5 Graphics Card (11266-04-20G),159.95
MSI Radeon RX 5600 XT GAMING MX 6GB GDDR6 Graphics CardÂ ,340.00
MSI GeForce GTX 1660 Super Ventus XS OC 6GB GDDR6 Graphics Card BRAND NEW!,171.50
NvidiaÂ PNY GTX 1060 3GB PC Graphics Card GDDR5 UsedÂ ,179.99
SAPPHIRE NITRO+ AMD Radeon RX 6600 XT GDDR6 8GB Graphics Card,330.00
ASUS NVIDIA GTX TITAN BLACK-6GD5 Graphics Card 6GB,200.00
EVGA GeForce RTX 3060 Ti XC GAMING 8GB GDDR6 Graphics Card - LHR,265.00
MSI GeForce GTX 970 4GB GDDR5 Graphics Card (GTX 970 GAMING 4G),150.00
MSI NVIDIA GeForce GTX 1050 2GT LP - 2GB GDDR5 Low Profile Graphics Card (READ!),49.99
GIGABYTE NVIDIA GeForce RTX 3070 AORUS MASTER 8GB LHR GDDR6 Graphics Card New,650.00
"MSI GeForce GTX 1660 SUPER VENTUS XS OC Graphics Card, PCI-E x16",359.99
AMD Radeon RX 6700 XT 12GB GDDR6 Graphics Card **IN HAND READY TO SHIP**,649.99
EVGA GeForce RTX 3060 Ti XC GAMING 8GB GDDR6 Graphics Card (08G-P5-3663-KL),629.99
"MSI GeForce GTX 1660 SUPER GAMING X Graphics Card,PCI-E x16, No NVLink, VR Ready",295.00
âœ…NVIDIA RTX 3080 Founders Edition 10GB GDDR6X Graphics Card NON-LHR / FHR ðŸ”¥ NEW,"1,400.00"
Nvidia Quadro P4000 8GB GPU Graphics Video Card,650.00
NVIDIA GeForce RTX 3070 Founders Edition 8GB GDDR6 Graphics Card (NON LHR) *NEW*,709.00
asus rtx 3050 graphics card,330.00
Graphics card lot,79.00
ASRock Radeon RX 6700 XT Challenger D 12GB GDDR6 Graphics Card,559.99
ZOTAC GAMING GeForce RTX 3060 AMP White Edition 12GB GDDR6 Graphics Card,385.00
HP AMD Radeon RX 580 4GB GDDR5 Gaming Graphics Card,179.99
Factory Sealed AMD Radeon RX 6700 XT 12GB GDDR6 Graphics Card BRAND NEW! ,599.98
EVGA GeForce RTX 3060 XC GAMING 12GB GDDR6 Graphics Card *LHR* #R792,474.24
EVGA GeForce GTX 1070 8GB GDDR5 Graphics Card (08GP45173KR),112.50
NVIDIA GeForce RTX 3060 Ti Founders Edition 8GB GDDR6 Graphics Card - SEALED NEW,900.00
EVGA B Stock NVIDIA GeForce RTX 2070 Black Gaming 8GB GDDR6 Graphics Card,450.00
GIGABYTE AORUS GeForce RTX 3060 Ti ELITE 8GB GDDR6 Graphics Card - NEW & SEALED,360.00
GIGABYTE Radeon RX 6700 XT GAMING OC 12GB GDDR6 Graphics Card,427.00
NVIDIA GeForce RTX 3070 Founders Edition 8GB GDDR6 Graphics Card (NON LHR) *NEW*,950.00
asus 6670 graphics card,29.99
MSI GeForce RTX 2080 TI Ventus NVIDIA Graphics Card,500.00
ASRock Radeon RX 6700 XT Challenger D 12GB GDDR6 PC Graphics Card,539.00
GIGABYTE GeForce GTX 1660 SUPER OC GDDR6 Graphics Card - 6GB,275.00
EVGA GeForce GTX 1060 6GB DDR5 Graphics CardÂ ,81.00
MSI GeForce RTX 3070 Gaming Z Trio Graphics Card - LHR,699.99
MSI GeForce RTX 3080 GAMING Z Trio NON LHR 10GB GDDR6X Graphics Card,780.00
NVIDIA GeForce RTX 3070 Founders Edition 8GB GDDR6 Graphics Card - Dark...,965.00
ZOTAC GeForce GTX 1070 8GB Triple Fans Graphics Card,305.00
AMD FirePro W2100 Professional Graphics Video Card 2GB PCIe Dual DisplayPort,29.99
XFX AMD Radeon RX 570 8GB GDDR5 Graphics Card (RX570P8DFD6),150.00
MSI NVIDIA GeForce GTX 1070 8GB GDDR5 Graphics Card (GTX1070GAMINGX8G),250.00
XFX Radeon RX 470 4GB Graphics Card,150.00
EVGA GeForce RTX 3060 XC GAMING 12GB GDDR6 Graphics Card (12G-P5-3657-KR),490.00
MSI GeForce RTX 3080 Ti VENTUS 3X OC 12GB GDDR6X Graphics Card,"1,299.99"
MSI GeForce RTX 2060 8GB Super Ventus GDDR6 Graphics Card (G206SVPC),500.00
AMD Radeon RX 6700 XT 12GB GDDR6 Graphics Card,580.00
NVIDIA GeForce RTX 3070 Founders Edition 8GB GDDR6 Graphics Card (NON LHR) New,950.00
AMD Radeon RX 6800XT 16GB GDDR6 Graphics Card (100438378),675.00
HP AMD Radeon RX 460 2GB GDDR5 Video Graphics Card 910486-001,75.00
ASUS NVIDIA GeForce RTX 3080 TUF Gaming V2 10GB GDDR6X Graphics Card...,"1,225.00"
Lot Of 6 PowerColor Radeon R9 390 8GB GDDR5 390 Video Graphics Card,197.50
NVIDIA GeForce RTX 2080 8GB GDDR6 Graphics Card (9001G1802500000),750.00
AMD Radeon RX 6700 XT 12GB GDDR6 Reference Graphics Card,525.00
Dell GeForce GTX 745 4GB DDR3 HDMI TC2P0 Graphics/Video card,42.00
NVIDIA GeForce RTX 3070 Founders Edition 8GB GDDR6 Graphics Card (NON LHR) *NEW*,929.88
GeForce GTX 1660 Super 6GB Graphics Card - (Great Condition!),324.99
Shop on eBay,20.00
ASUS TUF Gaming GeForce RTX 3070 Ti OC Graphics Card BRAND NEW - FAST SHIPPING,799.99
MSI Gaming AMD Radeon RX 6600 128-bit 8GB GDDR6 Graphics Card RX6600MECH2X8G,389.00
ASUS Dual GeForce GTX 1650 4GB GDDR6 PCI Express 3.0 Video Graphics Card DUAL...,219.99
MSI NVIDIA GeForce GTX 1060 6GB GDDR5 PCI Express Graphics Card,204.99
Non-LHR MSI GeForce RTX 3070 GAMING X TRIO 8GB GDDR6 Graphics Card,455.00
Sapphire AMD Radeon RX 580 4GB Nitro Graphics Card,199.00
ASRock Radeon RX 6600 8GB PCI Express 4.0 Video Graphics Card RX6600 CLD 8G,369.99
EVGA GeForce RTX 3050 8GB GDDR6 XC GAMING Graphics Card - 8GB GDDR6 Memory 128-b,379.99
EVGA GeForce RTX 3080 Non LHR XC3 Ultra Gaming 10GB GDDR6X Graphics Card...,"1,000.00"
ASUS TUF Gaming GeForce RTX 3080 Ti OC 12GB GDDR6X Graphics Card - New & Sealed,"1,025.00"
"EVGA GeForce GTX 1660 Ti XC 6GB GDDR6 OVERCLOCKED, 2.75 Slot Graphics Card",319.99
EVGA NVIDIA GeForce RTX 2080 Ti 11GB GDDR6 Graphics Card (11G-P4-2382-KR),775.00
SAPPHIRE Nitro+ Radeon RX 580 8GB GDDR5 Graphics Card (11265-01-20G),297.00
NEW EVGA GeForce RTX 2060 XC 12GB GDDR6 Graphics Card 12G-P4-2263-KR NEW MODEL,488.99
EVGA GeForce GTX 1070 8GB GDDR5 Gaming Graphics Card (08G-P4-6171-KR),295.00
LENOVO AMD Radeon HD 8570 1GB GDDR3 VGA HDMI Port Video Graphics Card FRU03T7148,15.99
NEW GIGABYTE GeForce RTX 3060 Gaming OC 12G (REV2.0) Graphics Video Card ,330.00
SAPPHIRE Pulse Radeon RX 570 4GB GDDR5 Graphics Card (11266-04-20G),159.95
MSI Radeon RX 5600 XT GAMING MX 6GB GDDR6 Graphics CardÂ ,340.00
MSI GeForce GTX 1660 Super Ventus XS OC 6GB GDDR6 Graphics Card BRAND NEW!,171.50
NvidiaÂ PNY GTX 1060 3GB PC Graphics Card GDDR5 UsedÂ ,179.99
SAPPHIRE NITRO+ AMD Radeon RX 6600 XT GDDR6 8GB Graphics Card,330.00
ASUS NVIDIA GTX TITAN BLACK-6GD5 Graphics Card 6GB,200.00
EVGA GeForce RTX 3060 Ti XC GAMING 8GB GDDR6 Graphics Card - LHR,265.00
MSI GeForce GTX 970 4GB GDDR5 Graphics Card (GTX 970 GAMING 4G),150.00
MSI NVIDIA GeForce GTX 1050 2GT LP - 2GB GDDR5 Low Profile Graphics Card (READ!),49.99
GIGABYTE NVIDIA GeForce RTX 3070 AORUS MASTER 8GB LHR GDDR6 Graphics Card New,650.00
"MSI GeForce GTX 1660 SUPER VENTUS XS OC Graphics Card, PCI-E x16",359.99
AMD Radeon RX 6700 XT 12GB GDDR6 Graphics Card **IN HAND READY TO SHIP**,649.99
EVGA GeForce RTX 3060 Ti XC GAMING 8GB GDDR6 Graphics Card (08G-P5-3663-KL),629.99
"MSI GeForce GTX 1660 SUPER GAMING X Graphics Card,PCI-E x16, No NVLink, VR Ready",295.00
âœ…NVIDIA RTX 3080 Founders Edition 10GB GDDR6X Graphics Card NON-LHR / FHR ðŸ”¥ NEW,"1,400.00"
Nvidia Quadro P4000 8GB GPU Graphics Video Card,650.00
NVIDIA GeForce RTX 3070 Founders Edition 8GB GDDR6 Graphics Card (NON LHR) *NEW*,709.00
asus rtx 3050 graphics card,330.00
Graphics card lot,79.00
ASRock Radeon RX 6700 XT Challenger D 12GB GDDR6 Graphics Card,559.99
ZOTAC GAMING GeForce RTX 3060 AMP White Edition 12GB GDDR6 Graphics Card,385.00
HP AMD Radeon RX 580 4GB GDDR5 Gaming Graphics Card,179.99
Factory Sealed AMD Radeon RX 6700 XT 12GB GDDR6 Graphics Card BRAND NEW! ,599.98
EVGA GeForce RTX 3060 XC GAMING 12GB GDDR6 Graphics Card *LHR* #R792,474.24
EVGA GeForce GTX 1070 8GB GDDR5 Graphics Card (08GP45173KR),112.50
NVIDIA GeForce RTX 3060 Ti Founders Edition 8GB GDDR6 Graphics Card - SEALED NEW,900.00
EVGA B Stock NVIDIA GeForce RTX 2070 Black Gaming 8GB GDDR6 Graphics Card,450.00
GIGABYTE AORUS GeForce RTX 3060 Ti ELITE 8GB GDDR6 Graphics Card - NEW & SEALED,360.00
GIGABYTE Radeon RX 6700 XT GAMING OC 12GB GDDR6 Graphics Card,427.00
NVIDIA GeForce RTX 3070 Founders Edition 8GB GDDR6 Graphics Card (NON LHR) *NEW*,950.00
asus 6670 graphics card,29.99
MSI GeForce RTX 2080 TI Ventus NVIDIA Graphics Card,500.00
ASRock Radeon RX 6700 XT Challenger D 12GB GDDR6 PC Graphics Card,539.00
GIGABYTE GeForce GTX 1660 SUPER OC GDDR6 Graphics Card - 6GB,275.00
EVGA GeForce GTX 1060 6GB DDR5 Graphics CardÂ ,81.00
MSI GeForce RTX 3070 Gaming Z Trio Graphics Card - LHR,699.99
MSI GeForce RTX 3080 GAMING Z Trio NON LHR 10GB GDDR6X Graphics Card,780.00
NVIDIA GeForce RTX 3070 Founders Edition 8GB GDDR6 Graphics Card - Dark...,965.00
ZOTAC GeForce GTX 1070 8GB Triple Fans Graphics Card,305.00
AMD FirePro W2100 Professional Graphics Video Card 2GB PCIe Dual DisplayPort,29.99
XFX AMD Radeon RX 570 8GB GDDR5 Graphics Card (RX570P8DFD6),150.00
MSI NVIDIA GeForce GTX 1070 8GB GDDR5 Graphics Card (GTX1070GAMINGX8G),250.00
XFX Radeon RX 470 4GB Graphics Card,150.00
EVGA GeForce RTX 3060 XC GAMING 12GB GDDR6 Graphics Card (12G-P5-3657-KR),490.00
MSI GeForce RTX 3080 Ti VENTUS 3X OC 12GB GDDR6X Graphics Card,"1,299.99"
MSI GeForce RTX 2060 8GB Super Ventus GDDR6 Graphics Card (G206SVPC),500.00
AMD Radeon RX 6700 XT 12GB GDDR6 Graphics Card,580.00
NVIDIA GeForce RTX 3070 Founders Edition 8GB GDDR6 Graphics Card (NON LHR) New,950.00
AMD Radeon RX 6800XT 16GB GDDR6 Graphics Card (100438378),675.00
HP AMD Radeon RX 460 2GB GDDR5 Video Graphics Card 910486-001,75.00
ASUS NVIDIA GeForce RTX 3080 TUF Gaming V2 10GB GDDR6X Graphics Card...,"1,225.00"
Lot Of 6 PowerColor Radeon R9 390 8GB GDDR5 390 Video Graphics Card,197.50
NVIDIA GeForce RTX 2080 8GB GDDR6 Graphics Card (9001G1802500000),750.00
AMD Radeon RX 6700 XT 12GB GDDR6 Reference Graphics Card,525.00
Dell GeForce GTX 745 4GB DDR3 HDMI TC2P0 Graphics/Video card,42.00
NVIDIA GeForce RTX 3070 Founders Edition 8GB GDDR6 Graphics Card (NON LHR) *NEW*,929.88
GeForce GTX 1660 Super 6GB Graphics Card - (Great Condition!),324.99
